{"EA": [0.41388119881953084, 0.3341864549601813, 0.23306096483324532, 0.1489807240780332, 0.09957560438841113, 0.018569217489223088, 0.0, 0.0, 0.0021863831605386246, 0.0, 0.0, 0.0, 0.0, 0.0, 0.0, 0.0, 0.0, 0.0, 0.0, 0.0, 0.008448239524365301, 0.0, 0.0, 0.03560230209941027, 0.0, 0.0, 0.0, 0.0, 0.0, 0.0, 0.0, 0.0, 0.0, 0.037930724732986816, 0.0, 0.0, 0.0, 0.0, 0.0, 0.0, 0.0, 0.0, 0.0, 0.0, 0.0, 0.0, 0.0, 0.05814658566673509, 0.08421538293044285, 0.001911716613271489, 0.0, 0.0, 0.02728180922243245, 0.0, 0.0037729626546040918, 0.0, 0.0, 0.0, 0.0, 0.0, 0.0, 0.0, 0.0, 0.0, 0.0, 0.0, 0.0, 0.0, 0.019123176398399708, 0.0, 0.0, 0.0, 0.0, 0.0, 0.0, 0.0, 0.0, 0.002240924818104168, 0.024998537793776206, 0.0, 0.0, 0.0, 0.0, 0.0, 0.002756351578874077, 0.0, 0.0, 0.0, 0.0, 0.0, 0.0, 0.0, 0.0, 0.0, 0.0, 0.0, 0.0, 0.0, 0.0, 0.0], "DT": [0.45318902184689386, 0.4086146222827535, 0.36811831910672255, 0.3039952820933696, 0.25793761231216566, 0.20502067481423292, 0.15496539619103167, 0.08536869495223391, 0.09418630534172001, 0.054757527603909166, 0.013635012199842736, 0.0, 0.0, 0.0, 0.0, 0.0, 0.0, 0.0, 0.0, 0.0, 0.043455179438887666, 0.0, 0.0, 0.06463242112485286, 0.014558619625407127, 0.0, 0.0, 0.0, 0.0, 0.0, 0.0, 0.0, 0.0, 0.032856485819736325, 0.0, 0.0, 0.0, 0.0, 0.0, 0.0, 0.007770497949036083, 0.0, 0.0, 0.0, 0.0, 0.0, 0.0, 0.021327348074082517, 0.057979175600135185, 0.010143761495954931, 0.0, 0.0, 0.056613017306081544, 0.010662834415691096, 0.027176344280485997, 0.0, 0.0, 0.0, 0.0, 0.0, 0.0, 0.0, 0.0, 0.0, 0.0, 0.0, 0.0, 0.0, 0.01065227082546918, 0.0, 0.0, 0.0, 0.0, 0.0, 0.0, 0.0, 0.0, 0.0001259240078179486, 0.004188190858317232, 0.0, 0.0, 0.0, 0.0, 0.0, 0.0027872303497066117, 0.0, 0.0, 0.0, 0.0, 0.0, 0.0, 0.0, 0.0, 0.0, 0.0, 0.0, 0.0, 0.0, 0.0, 0.0], "D": [0.5227904129220013, 0.5581562359938768, 0.60632068680339, 0.6609771744926056, 0.7021993661448325, 0.7361823000225385, 0.7738877954842189, 0.8006059349952347, 0.7905150815665836, 0.8339512644622682, 0.8828945877633558, 0.9262072220773915, 0.9780043855243985, 1.0, 1.0, 1.0, 1.0, 1.0, 1.0, 1.0, 0.9610448354841971, 1.0, 1.0, 0.9630763903521887, 1.0, 1.0, 1.0, 1.0, 1.0, 1.0, 1.0, 1.0, 1.0, 0.9836577451114475, 1.0, 1.0, 1.0, 1.0, 1.0, 1.0, 1.0, 1.0, 1.0, 1.0, 1.0, 1.0, 1.0, 0.9718626019037451, 0.9524664033150738, 0.992922121714112, 1.0, 1.0, 0.9616575290884963, 0.9890486895451459, 0.975780371883787, 1.0, 1.0, 1.0, 1.0, 1.0, 1.0, 1.0, 1.0, 1.0, 1.0, 1.0, 1.0, 1.0, 0.9820795489986478, 1.0, 1.0, 1.0, 1.0, 1.0, 1.0, 1.0, 0.9965679876336884, 0.9975447486191766, 0.9932253266030929, 1.0, 1.0, 1.0, 1.0, 1.0, 0.9754773539868427, 1.0, 1.0, 1.0, 1.0, 1.0, 1.0, 1.0, 1.0, 0.9869553049949514, 1.0, 1.0, 1.0, 1.0, 1.0, 1.0], "delta": [0.5101051528480652, 0.5054478553123627, 0.4902090953362041, 0.48795133233133875, 0.48279697571041424, 0.5013197575555036, 0.5052132466880649, 0.5071818590467562, 0.49134891691138727, 0.47371851535775994, 0.48126849333020727, 0.49102394460143084, 0.48204186520687403, 0.4755906676608228, 0.466386759610149, 0.44651107046414007, 0.4539481833018523, 0.4572356943984492, 0.46396694942618893, 0.4665775021479878, 0.3836861335832884, 0.3854319117116068, 0.37550604991757486, 0.298521523340911, 0.2870235975659674, 0.2730050869380446, 0.28223671302146414, 0.2829223427695244, 0.28131296900089375, 0.2690043258365542, 0.26694565866559916, 0.2537410925347564, 0.2622151068605228, 0.18695343606964065, 0.17564915553843535, 0.19461708536497482, 0.19222114028303672, 0.21942283194893292, 0.21805011377795475, 0.21732182465138603, 0.2139004075253322, 0.21775358132262057, 0.21826718991741692, 0.2088889395182657, 0.21760807940638963, 0.2241219919194476, 0.2155627027411539, 0.11943554402925738, 0.04072105402996819, 0.034205050553910016, 0.03862579072257733, 0.03747842630790834, 0.0, 0.009178619470547761, 0.027615777448066224, 0.035362117982359595, 0.034310932934895455, 0.03561833870775637, 0.04471572045735454, 0.04086258448873694, 0.06197576090489946, 0.05574876570669352, 0.05219387929752992, 0.058490167716766045, 0.0462844666739475, 0.0572722351938194, 0.06658157603356019, 0.06528014548988334, 0.06081241037198426, 0.06709586546462706, 0.08480018063029425, 0.0791629351022545, 0.0878883510165593, 0.08575387949944083, 0.08570825120953786, 0.10103564033956364, 0.10561240488385203, 0.09788230704529736, 0.11648197711016667, 0.10839899425661516, 0.090297681006655, 0.08452864445003097, 0.08320565001060634, 0.09674437375226047, 0.08773143556561379, 0.09395993488908877, 0.1093736448582706, 0.11053039120119919, 0.1121912725262807, 0.11905178712626509, 0.11768100891584655, 0.10387999433369764, 0.08723306237174756, 0.09392978786004795, 0.09102286477973752, 0.08309413645711408, 0.0602661115567061, 0.05805641556137388, 0.045775875370137636, 0.043285514974573856], "R": [0.0, 0.0, 0.0, 0.0, 0.0, 0.0, 0.0, 0.0, 0.0, 0.0, 0.0, 0.0, 0.0, 0.0, 0.0, 0.0, 0.0, 0.0, 0.0, 0.0, 1.0, 0.0, 0.0, 1.0, 0.0, 0.0, 0.0, 0.0, 0.0, 0.0, 0.0, 0.0, 0.0, 1.0, 0.0, 0.0, 0.0, 0.0, 0.0, 0.0, 0.0, 0.0, 0.0, 0.0, 0.0, 0.0, 0.0, 1.0, 1.0, 0.0, 0.0, 0.0, 1.0, 0.0, 0.0, 0.0, 0.0, 0.0, 0.0, 0.0, 0.0, 0.0, 0.0, 0.0, 0.0, 0.0, 0.0, 0.0, 0.0, 0.0, 0.0, 0.0, 0.0, 0.0, 0.0, 0.0, 0.0, 0.0, 0.0, 0.0, 0.0, 0.0, 0.0, 0.0, 0.0, 0.0, 0.0, 0.0, 0.0, 0.0, 0.0, 0.0, 0.0, 0.0, 0.0, 0.0, 0.0, 0.0, 0.0, 0.0], "S": [1.0, 1.0, 1.0, 1.0, 1.0, 1.0, 1.0, 1.0, 0.0, 1.0, 1.0, 1.0, 1.0, 1.0, 1.0, 1.0, 1.0, 1.0, 1.0, 1.0, 0.0, 1.0, 1.0, 0.0, 1.0, 1.0, 1.0, 1.0, 1.0, 1.0, 1.0, 1.0, 1.0, 0.0, 1.0, 1.0, 1.0, 1.0, 1.0, 1.0, 0.0, 1.0, 1.0, 1.0, 1.0, 1.0, 1.0, 0.0, 0.0, 1.0, 1.0, 1.0, 0.0, 1.0, 0.0, 1.0, 1.0, 1.0, 1.0, 1.0, 1.0, 1.0, 1.0, 1.0, 1.0, 1.0, 1.0, 1.0, 0.0, 1.0, 1.0, 1.0, 1.0, 1.0, 1.0, 1.0, 0.0, 0.0, 0.0, 1.0, 1.0, 1.0, 1.0, 1.0, 0.0, 1.0, 1.0, 1.0, 1.0, 1.0, 1.0, 1.0, 1.0, 0.0, 1.0, 1.0, 1.0, 1.0, 1.0, 1.0]}