{"EA": [0.45361735698828815, 0.4039226131289386, 0.41978981068236065, 0.46944629837157625, 0.42555552426867493, 0.3804205520212956, 0.31582385078249786, 0.3462174630729, 0.3773666402687369, 0.4039744650365105, 0.43711787526987234, 0.4757342355203487, 0.5263806720784887, 0.5591839532001136, 0.5541663827642682, 0.5901371582577487, 0.5305020087764275, 0.5638891516597675, 0.5631446925021059, 0.5987469946015161, 0.5870602142253208, 0.5560881573346818, 0.5854251800386541, 0.609802142901393, 0.6065815277393363, 0.545506695393724, 0.4873021292628812, 0.525232853995868, 0.4867983900822064, 0.4500189916821513, 0.4418608888324969, 0.4742143205001173, 0.47903904465254915, 0.5095738951318789, 0.4684270689291673, 0.4342575813609201, 0.3943954408700422, 0.3589354585049742, 0.31156727243757415, 0.3418479537796798, 0.30364393126902656, 0.2833925054024505, 0.31724514098778145, 0.3698996833905924, 0.4152243359961039, 0.4178116625954132, 0.43851024881580686, 0.38369516230532735, 0.37984202633670977, 0.4133241753863539, 0.3633941660397656, 0.3265227872281552, 0.33262648988248983, 0.3304496778502176, 0.36565971626654525, 0.36662967591647244, 0.30948778978859515, 0.3542389871227727, 0.30360174159473297, 0.32412089817975975, 0.3738744603492553, 0.41210164595263626, 0.45111876317362565, 0.45209552415911397, 0.496688232419966, 0.5232910139981582, 0.5247949518629204, 0.546592619792714, 0.5601313435343681, 0.59518378053155, 0.593759985681337, 0.632083125801133, 0.6677583106152342, 0.7092120701110857, 0.7266246752468546, 0.6979108307025674, 0.7325838832216265, 0.771249865682595, 0.7358012888876073, 0.7697309852880617, 0.8050836208077791, 0.7547786093316737, 0.803447352006119, 0.8371681760913114, 0.8579456389953347, 0.8298170553460603, 0.7762042133327777, 0.8204659888080941, 0.8505947349704471, 0.8482052545017831, 0.8384297020537975, 0.8657971104883724, 0.8917539442373283, 0.9181498105844889, 0.8618527420379126, 0.8655642007716257, 0.9031084092046379, 0.8610061577736019, 0.8919254040433864, 0.850194677781028], "DT": [0.4388811988195308, 0.39430679925539047, 0.44247125006490373, 0.48021348706003836, 0.42421094855897923, 0.3636338392694202, 0.3158202224299589, 0.366391444692148, 0.4122126726392784, 0.44912054888076625, 0.5009177123277733, 0.534466514781722, 0.57048013088157, 0.6140512565966875, 0.6190657399119355, 0.6687521898172644, 0.5922004293416296, 0.6362409379097751, 0.6360554298646587, 0.7006878509895116, 0.7083608193765756, 0.6443423087486527, 0.7014083582854373, 0.7461442825917892, 0.7425768323341073, 0.6944231709194303, 0.6505995793745417, 0.683456065194278, 0.6259442709476387, 0.5949122007741782, 0.6036989362560872, 0.6709006279219834, 0.6696593040331668, 0.7182232919764016, 0.6705328292058529, 0.6310708497262019, 0.5813101678708602, 0.5378240803839182, 0.487427718963522, 0.5383172249331957, 0.5122075845071203, 0.5140721276548146, 0.5463539368772471, 0.5904037539868567, 0.6230963399545603, 0.6528524635412174, 0.6915683420758203, 0.646189376818453, 0.6272156069935664, 0.6730987790584122, 0.6168764074093493, 0.5731726958285854, 0.5552959797092676, 0.5662837482291395, 0.603891500250442, 0.6098430705048111, 0.5675498538000422, 0.6060792799850209, 0.5517462459159952, 0.5776716081722296, 0.6146483657514665, 0.6463760563159433, 0.6829440439496317, 0.675213946111077, 0.727218061595211, 0.7612241351407708, 0.7420970699701286, 0.8004116576286722, 0.8031680092075463, 0.8436378151451938, 0.8299519139897752, 0.8624670486242096, 0.9127328470897305, 0.966419162665054, 1.0, 0.9361989854178511, 0.9874257622658313, 1.0, 0.9455331652930933, 0.9751807420688996, 1.0, 0.9442418175935532, 0.9927558385173415, 1.0, 1.0, 0.9588163975694944, 0.9044113519807592, 0.9635055183854605, 0.9952196806752731, 0.9861440440548571, 1.0, 1.0, 1.0, 1.0, 0.9427666091754876, 0.9367267573083294, 0.970781596781087, 0.9415356047675414, 0.9747714745627011, 0.9225804692746123], "D": [0.5231890218468939, 0.5585548449187693, 0.5083160849426106, 0.4739913669894898, 0.5234657651999561, 0.571691214320988, 0.6205088247104742, 0.5889450076061588, 0.5628224922020924, 0.5311351265161279, 0.4871530471215711, 0.45576700317665525, 0.42015836230190784, 0.399937302749323, 0.41151916927864324, 0.36949863833986973, 0.4129538177787574, 0.39681567679086266, 0.3800806305709604, 0.34315702092314915, 0.3316590951482056, 0.37752766608620825, 0.351263560242562, 0.30706931790022396, 0.3126305358855636, 0.3552293638280478, 0.4074000717978489, 0.3910578169092964, 0.4197535363780911, 0.4572996552180624, 0.4549037101361243, 0.42616038361377434, 0.4335637917932517, 0.4007047292345538, 0.4326153603206502, 0.45883866664107925, 0.5075578065292031, 0.5444051140827997, 0.579058486664299, 0.5447012868552537, 0.603135424438459, 0.5965175597907751, 0.5781305770968567, 0.5305217375535062, 0.48272254022087485, 0.44519685870694325, 0.40554021099439774, 0.44753080795013245, 0.46033621556690707, 0.42814613424425735, 0.46459124783509376, 0.49630129772587306, 0.4840955966830545, 0.4923497601729348, 0.4658895072836134, 0.45770730045127866, 0.5043778614859765, 0.46112288951805136, 0.5031611167933261, 0.4609766745808017, 0.42593104629089873, 0.3961245114333104, 0.36570127597759877, 0.3659463777201882, 0.34910725562262634, 0.29286829837952827, 0.29649306296758127, 0.2732874641747941, 0.27607469452450073, 0.2365740398097083, 0.24192895790946034, 0.22244047766468555, 0.18910135898976707, 0.144452124383966, 0.10808134617354748, 0.13104752177999593, 0.08163556417503594, 0.041496895001669, 0.07674018152198298, 0.03620368846851115, 0.0132500391942694, 0.05049952222275297, 0.00562016376478755, 0.0, 0.0, 0.039920273586833824, 0.09574065541647162, 0.0467549796782802, 0.006303287684961758, 0.0005355743792784303, 0.016731695933651543, 0.0, 0.0, 0.0, 0.06433848078402417, 0.06520437865875317, 0.03608766384335959, 0.08479891087767652, 0.027495611801417626, 0.07578966761325251], "delta": [0.5027904129220013, 0.4981331153862988, 0.4138526547445364, 0.3196051728824018, 0.3225155128950236, 0.3103070763953134, 0.30021622296666234, 0.202585821413035, 0.1315291447141226, 0.0612845959853462, 0.0, 0.0, 0.0, 0.0, 0.0025711687005627935, 0.0, 0.0, 0.0, 0.0, 0.0, 0.0, 0.021904556258099787, 0.0, 0.0, 0.01043860610918658, 0.01825683482695968, 0.02051971752194843, 0.0, 0.007699773599307934, 0.00016241195573303818, 0.012256231662599378, 0.0, 0.0, 0.0, 0.010574235088623762, 0.0011959846894725335, 0.015569547972807804, 0.023159240177740476, 0.005274275127935511, 0.0, 0.013634354909517045, 0.022158688257479284, 0.0, 0.0, 0.0, 0.0, 0.0, 0.0, 0.0, 0.0, 0.009520110938466947, 0.00391830053649725, 0.0, 0.008135096360006385, 0.0, 0.020923872756854603, 0.013932406975935431, 0.0, 0.005591092026145278, 0.0, 0.0, 0.0, 0.0, 0.004979982912454495, 0.0, 0.0, 0.00571347510326788, 0.0, 0.0, 0.0, 0.010604468141104679, 0.0, 0.0, 0.0, 0.0, 0.0, 0.0, 0.0, 0.0, 0.0, 0.0, 0.0, 0.0, 0.0, 0.0, 0.014799441388900263, 0.010918749490926121, 0.0, 0.0, 0.007553912258257561, 0.016884033662141057, 0.0, 0.0, 0.0, 0.0, 0.0, 0.0, 0.0, 0.0, 0.0], "R": [0.0, 0.0, 1.0, 1.0, 0.0, 0.0, 0.0, 1.0, 1.0, 1.0, 1.0, 1.0, 1.0, 1.0, 0.0, 1.0, 0.0, 1.0, 0.0, 1.0, 0.0, 0.0, 1.0, 1.0, 0.0, 0.0, 0.0, 1.0, 0.0, 0.0, 0.0, 1.0, 0.0, 1.0, 0.0, 0.0, 0.0, 0.0, 0.0, 1.0, 0.0, 0.0, 1.0, 1.0, 1.0, 1.0, 1.0, 0.0, 0.0, 1.0, 0.0, 0.0, 0.0, 0.0, 1.0, 0.0, 0.0, 1.0, 0.0, 1.0, 1.0, 1.0, 1.0, 0.0, 1.0, 1.0, 0.0, 1.0, 0.0, 1.0, 0.0, 1.0, 1.0, 1.0, 1.0, 0.0, 1.0, 1.0, 0.0, 1.0, 1.0, 0.0, 1.0, 1.0, 1.0, 0.0, 0.0, 1.0, 1.0, 0.0, 0.0, 1.0, 1.0, 1.0, 0.0, 0.0, 1.0, 0.0, 1.0, 0.0],