{"EA": [0.4438811988195308, 0.3941864549601813, 0.3230609648332453, 0.3489807240780332, 0.32957560438841116, 0.27856921748922314, 0.3082327294507983, 0.2653213654008459, 0.26750774856138454, 0.21790136085178669, 0.25872258879891713, 0.2853304135666907, 0.23855309235398417, 0.1928329911381808, 0.16278733366701556, 0.11865780434939728, 0.11331363981266222, 0.14022870378373034, 0.10894732511922811, 0.14002624358790655, 0.14847448311227185, 0.10186162599561176, 0.056676117950495354, 0.09227842004990562, 0.13067662969177207, 0.09358694916220255, 0.03978054097690485, 0.0, 0.0, 0.027167467076637634, 0.0, 0.0, 0.0, 0.037930724732986816, 0.0002757353817872746, 0.0, 0.021301289432837038, 0.0, 0.0, 0.0, 0.0, 0.0, 0.0, 0.0, 0.0, 0.0, 0.0, 0.05814658566673509, 0.08421538293044285, 0.03191171661327149, 0.0005460715227885351, 0.0, 0.02728180922243245, 0.0, 0.0037729626546040918, 0.0, 0.0, 0.0, 0.0, 0.0, 0.0, 0.0, 0.043849904671866655, 0.007845903426199164, 0.0, 0.0, 0.0, 0.0, 0.019123176398399708, 0.0, 0.02800853421908083, 0.0, 0.0, 0.02051915658502676, 0.0, 0.0, 0.0, 0.002240924818104168, 0.024998537793776206, 0.0, 0.0, 0.0384175597577716, 0.0008371899230662531, 0.0, 0.002756351578874077, 0.0, 0.0, 0.0, 0.0, 0.0, 0.01769126896234433, 0.0, 0.0, 0.0, 0.023987480951528882, 0.0, 0.0, 0.0, 0.0, 0.0], "DT": [0.45318902184689386, 0.4086146222827535, 0.36811831910672255, 0.3939952820933696, 0.34793761231216563, 0.2950206748142329, 0.3349653961910316, 0.26536869495223386, 0.27418630534171995, 0.2347575276039091, 0.28363501219984266, 0.3205428884413305, 0.2664390553544675, 0.22647438433338773, 0.17985619685332094, 0.12686612334866226, 0.1119155846405189, 0.14689801420467355, 0.09865354714422188, 0.12401839766290068, 0.16747357710178834, 0.12151408566993373, 0.05477903945003149, 0.11941146057488436, 0.15933765907543865, 0.10024378452749126, 0.051012734013336974, 0.0, 0.0, 0.03677938483794325, 0.012171012000636569, 0.0, 0.0, 0.032856485819736325, 0.0, 0.0, 0.03228219250506741, 0.0, 0.0, 0.0, 0.007770497949036083, 0.0, 0.0, 0.0, 0.0, 0.0, 0.0, 0.021327348074082517, 0.057979175600135185, 0.010143761495954931, 0.0, 0.0, 0.056613017306081544, 0.010662834415691096, 0.027176344280485997, 0.0, 0.0, 0.0, 0.0, 0.0, 0.012805407616774638, 0.0, 0.03535470251355032, 0.0, 0.0, 0.0, 0.0, 0.0, 0.01065227082546918, 0.0, 0.039911829537541924, 0.0, 0.0, 0.02592536225623445, 0.0, 0.0, 0.0, 0.0001259240078179486, 0.004188190858317232, 0.0, 0.0, 0.058761708392158864, 0.02352829464645515, 0.0, 0.0027872303497066117, 0.0, 0.0, 0.0, 0.0, 0.0, 0.054443387919818106, 0.005184335724015856, 0.0, 0.0, 0.04487673274923294, 0.0, 0.0, 0.0, 0.0, 0.0], "D": [0.5227904129220013, 0.5581562359938768, 0.60632068680339, 0.5859771744926056, 0.6271993661448324, 0.6611823000225384, 0.6238877954842188, 0.6506059349952346, 0.6405150815665834, 0.6839512644622681, 0.6578945877633556, 0.6262072220773912, 0.6780043855243982, 0.7216207457748746, 0.7953437083111413, 0.8362613160764963, 0.8283687327895172, 0.8025227539665378, 0.8394298685020921, 0.8073910712727378, 0.7684359067569349, 0.8272977657690402, 0.8565724474246837, 0.8196488377768725, 0.7923218061639364, 0.8463497492732974, 0.8814154244512642, 0.9059087901406029, 0.9521142723002203, 0.925249444473917, 0.9620045348956281, 0.9896350277868473, 1.0, 0.9836577451114475, 1.0, 1.0, 0.973786735481909, 1.0, 1.0, 1.0, 1.0, 1.0, 1.0, 1.0, 1.0, 1.0, 1.0, 0.9718626019037451, 0.9524664033150738, 0.992922121714112, 1.0, 1.0, 0.9616575290884963, 0.9890486895451459, 0.975780371883787, 1.0, 1.0, 1.0, 1.0, 1.0, 0.9938486632222867, 1.0, 0.9587776283509372, 1.0, 1.0, 1.0, 1.0, 1.0, 0.9820795489986478, 1.0, 0.9440998225136972, 0.9882291370564534, 1.0, 0.9578155577874756, 0.9947923153667125, 1.0, 0.9965679876336884, 0.9975447486191766, 0.9932253266030929, 1.0, 1.0, 0.9745042383818605, 1.0, 1.0, 0.9754773539868427, 1.0, 1.0, 1.0, 1.0, 1.0, 0.9738606356024615, 1.0, 1.0, 0.9869553049949514, 0.9594289853110695, 0.9941264091273451, 1.0, 1.0, 1.0, 1.0], "delta": [0.5101051528480652, 0.5054478553123627, 0.4902090953362041, 0.40795133233133873, 0.4027969757104142, 0.42131975755550355, 0.34521324668806475, 0.34718185904675597, 0.33134891691138707, 0.31371851535775974, 0.24126849333020708, 0.1710239446014307, 0.16204186520687391, 0.15559066766082266, 0.1463867596101489, 0.12651107046413998, 0.13394818330185224, 0.057235694398449076, 0.06396694942618883, 0.0, 0.0, 0.0017457781283183897, 0.0, 0.0, 0.0, 0.0, 0.009231626083419528, 0.009917255831479801, 0.008307882062849168, 0.0, 0.0, 0.0, 0.008474014325766388, 0.0, 0.0, 0.018967929826539474, 0.0, 0.02720169166589619, 0.02582897349491803, 0.0251006843683493, 0.021679267242295488, 0.025532441039583856, 0.02604604963438021, 0.01666779923522898, 0.02538693912335291, 0.03190085163641089, 0.023341562458117214, 0.0, 0.0, 0.0, 0.004420740168667315, 0.0032733757539983245, 0.0, 0.009178619470547761, 0.027615777448066224, 0.035362117982359595, 0.034310932934895455, 0.03561833870775637, 0.04471572045735454, 0.04086258448873694, 0.06197576090489946, 0.05574876570669352, 0.0, 0.006296288419236122, 0.0, 0.010987768519871903, 0.020297109359612694, 0.01899567881593585, 0.014527943698036772, 0.020811398790679572, 0.0, 0.0, 0.008725415914304797, 0.0, 0.0, 0.015327389130025777, 0.019904153674314168, 0.012174055835759503, 0.030773725900628802, 0.022690743047077286, 0.004589429797117125, 0.0, 0.0, 0.013538723741654133, 0.004525785555007454, 0.010754284878482442, 0.02616799484766427, 0.027324741190592854, 0.028985622515674367, 0.03584613711565876, 0.0, 0.0, 0.0, 0.006696725488300385, 0.0, 0.0, 0.0, 0.0, 0.0, 0.0], "R": [0.0, 0.0, 0.0, 1.0, 0.0, 0.0, 1.0, 0.0, 0.0, 0.0, 1.0, 1.0, 0.0, 0.0, 0.0, 0.0, 0.0, 1.0, 0.0, 1.0, 1.0, 0.0, 0.0, 1.0, 1.0, 0.0, 0.0, 0.0, 0.0, 1.0, 0.0, 0.0, 0.0, 1.0, 0.0, 0.0, 1.0, 0.0, 0.0, 0.0, 0.0, 0.0, 0.0, 0.0, 0.0, 0.0, 0.0, 1.0, 1.0, 0.0, 0.0, 0.0, 1.0, 0.0, 0.0, 0.0, 0.0, 0.0, 0.0, 0.0, 0.0, 0.0, 1.0, 0.0, 0.0, 0.0, 0.0, 0.0, 0.0, 0.0, 1.0, 0.0, 0.0, 1.0, 0.0, 0.0, 0.0, 0.0, 0.0, 0.0, 0.0, 1.0, 0.0, 0.0, 0.0, 0.0, 0.0, 0.0, 0.0, 0.0, 1.0, 0.0, 0.0, 0.0, 1.0, 0.0, 0.0, 0.0, 0.0, 0.0], "S": [1.0, 1.0, 1.0, 0.0, 1.0, 1.0, 0.0, 1.0, 0.0, 1.0, 0.0, 0.0, 1.0, 1.0, 1.0, 1.0, 0.0, 0.0, 1.0, 0.0, 0.0, 1.0, 1.0, 0.0, 0.0, 1.0, 1.0, 1.0, 1.0, 0.0, 1.0, 1.0, 1.0, 0.0, 1.0, 1.0, 0.0, 1.0, 1.0, 1.0, 0.0, 1.0, 1.0, 1.0, 1.0, 1.0, 1.0, 0.0, 0.0, 1.0, 1.0, 1.0, 0.0, 1.0, 0.0, 1.0, 1.0, 1.0, 1.0, 1.0, 0.0, 1.0, 0.0, 1.0, 1.0, 1.0, 1.0, 1.0, 0.0, 1.0, 0.0, 1.0, 1.0, 0.0, 1.0, 1.0, 0.0, 0.0, 0.0, 1.0, 1.0, 0.0, 1.0, 1.0, 0.0, 1.0, 1.0, 1.0, 1.0, 1.0, 0.0, 1.0, 1.0, 0.0, 0.0, 1.0, 1.0, 1.0, 1.0, 1.0]}