{"EA": [0.5238811988195309, 0.5541864549601814, 0.5630609648332454, 0.5889807240780334, 0.6495756043884113, 0.6785692174892233, 0.7082327294507984, 0.745321365400846, 0.7475077485613847, 0.7779013608517868, 0.8187225887989172, 0.8453304135666909, 0.8785530923539844, 0.9128329911381811, 0.9627873336670159, 0.9986578043493975, 0.9483136398126625, 0.9752287037837306, 1.0, 1.0, 1.0, 1.0, 1.0, 1.0, 1.0, 1.0, 1.0, 1.0, 1.0, 1.0, 1.0, 0.9575988279424842, 0.9987752363975957, 1.0, 1.0, 1.0, 1.0, 1.0, 1.0, 1.0, 0.9954753776765533, 1.0, 1.0, 1.0, 1.0, 1.0, 0.9434743462833998, 1.0, 1.0, 1.0, 1.0, 1.0, 1.0, 1.0, 1.0, 1.0, 1.0, 1.0, 1.0, 1.0, 0.9360262301751134, 0.9695083792247576, 1.0, 1.0, 1.0, 1.0, 1.0, 1.0, 1.0, 1.0, 1.0, 0.9467450280320748, 0.9774119939630492, 0.9979311505480759, 1.0, 1.0, 0.9855439002752792, 0.9877848250933833, 1.0, 1.0, 1.0, 1.0, 1.0, 0.9667944012072128, 0.9695507527860869, 1.0, 1.0, 1.0, 1.0, 1.0, 1.0, 1.0, 0.9548528174136506, 0.9341783964132518, 0.9581658773647808, 0.9833086169014253, 1.0, 1.0, 1.0, 1.0], "DT": [0.5431890218468939, 0.5886146222827535, 0.6381183191067226, 0.6639952820933697, 0.7079376123121657, 0.745020674814233, 0.7849653961910317, 0.805368694952234, 0.8141863053417201, 0.8647575276039093, 0.913635012199843, 0.9505428884413308, 0.9864390553544679, 1.0, 1.0, 1.0, 0.9350494612918566, 0.9700318908560113, 1.0, 1.0, 1.0, 1.0, 1.0, 1.0, 1.0, 1.0, 1.0, 1.0, 1.0, 1.0, 1.0, 0.957818228717773, 1.0, 1.0, 1.0, 1.0, 1.0, 1.0, 1.0, 1.0, 1.0, 1.0, 1.0, 1.0, 1.0, 1.0, 0.9349923160679282, 0.9563196641420108, 0.9929714916680634, 1.0, 1.0, 1.0, 1.0, 1.0, 1.0, 1.0, 1.0, 1.0, 1.0, 1.0, 0.9628054076167746, 1.0, 1.0, 1.0, 1.0, 1.0, 1.0, 1.0, 1.0, 1.0, 1.0, 0.9467861415834701, 0.9888243688587448, 1.0, 1.0, 1.0, 0.9915586308648227, 0.9916845548726406, 0.9957468217231399, 1.0, 1.0, 1.0, 1.0, 0.9453082434789529, 0.9480954738286596, 0.988565279766307, 1.0, 1.0, 1.0, 1.0, 1.0, 1.0, 0.9579640542969632, 0.9570728539018353, 1.0, 1.0, 1.0, 1.0, 1.0, 1.0], "D": [0.44779041292200134, 0.40815623599387674, 0.38132068680339, 0.3609771744926056, 0.32719936614483236, 0.28618230002253836, 0.24888779548421883, 0.20060593499523452, 0.19051508156658345, 0.15895126446226807, 0.13289458776335566, 0.1012072220773913, 0.07800438552439831, 0.04662074577487465, 0.04534370831114137, 0.011261316076496393, 0.043368732789517195, 0.017522753966537935, 0.0, 0.0, 0.0, 0.0, 0.0, 0.0, 0.0, 0.0, 0.0, 0.0, 0.0, 0.0, 0.0, 0.02763049289121918, 0.0, 0.0, 0.0, 0.0, 0.0, 0.0, 0.0, 0.0, 0.01045571168346317, 0.0, 0.0, 0.0, 0.0, 0.0, 0.041650227981093385, 0.013512829884838519, 0.0, 0.0, 0.0, 0.0, 0.0, 0.0, 0.0, 0.0, 0.0, 0.0, 0.0, 0.0, 0.0338486632222867, 0.0016585818996370208, 0.0, 0.0, 0.0, 0.0, 0.0, 0.0, 0.0, 0.0, 0.0, 0.044129314542756246, 0.014720406568901521, 0.0, 0.0, 0.0, 0.0, 0.0009767609854883172, 0.0, 0.0, 0.0, 0.0, 0.0, 0.022868654709091222, 0.0, 0.0, 0.0, 0.0, 0.0, 0.0, 0.0, 0.0, 0.037186148934489134, 0.0241414539294406, 0.0, 0.0, 0.0, 0.0, 0.0, 0.0], "delta": [0.4301051528480653, 0.3454478553123627, 0.2502090953362041, 0.16795133233133874, 0.08279697571041421, 0.021319757555503586, 0.0, 0.0, 0.0, 0.0, 0.0, 0.0, 0.0, 0.0, 0.0, 0.0, 0.007437112837712268, 0.0, 0.0, 0.0, 0.0, 0.0, 0.0, 0.0, 0.0, 0.0, 0.0, 0.0, 0.0, 0.0, 0.0, 0.0, 0.0, 0.0, 0.0, 0.0, 0.0, 0.0, 0.0, 0.0, 0.0, 0.0, 0.0, 0.0, 0.0, 0.0, 0.0, 0.0, 0.0, 0.0, 0.0, 0.0, 0.0, 0.0, 0.01843715797751846, 0.0, 0.0, 0.0, 0.0, 0.0, 0.02111317641616252, 0.0, 0.0, 0.0, 0.0, 0.0, 0.0, 0.0, 0.0, 0.0, 0.0, 0.0, 0.0, 0.0, 0.0, 0.0, 0.004576764544288389, 0.0, 0.0185996700648693, 0.0, 0.0, 0.0, 0.0, 0.013538723741654133, 0.004525785555007454, 0.0, 0.0, 0.0, 0.0, 0.0, 0.0, 0.0, 0.0, 0.006696725488300385, 0.0, 0.0, 0.0, 0.0, 0.0, 0.0], "R": [1.0, 1.0, 1.0, 1.0, 1.0, 1.0, 1.0, 1.0, 0.0, 1.0, 1.0, 1.0, 1.0, 1.0, 1.0, 1.0, 0.0, 1.0, 1.0, 1.0, 1.0, 1.0, 1.0, 1.0, 1.0, 1.0, 1.0, 1.0, 1.0, 1.0, 1.0, 0.0, 1.0, 1.0, 1.0, 1.0, 1.0, 1.0, 1.0, 1.0, 0.0, 1.0, 1.0, 1.0, 1.0, 1.0, 0.0, 1.0, 1.0, 1.0, 1.0, 1.0, 1.0, 1.0, 0.0, 1.0, 1.0, 1.0, 1.0, 1.0, 0.0, 1.0, 1.0, 1.0, 1.0, 1.0, 1.0, 1.0, 0.0, 1.0, 1.0, 0.0, 1.0, 1.0, 1.0, 1.0, 0.0, 0.0, 0.0, 1.0, 1.0, 1.0, 1.0, 0.0, 0.0, 1.0, 1.0, 1.0, 1.0, 1.0, 1.0, 1.0, 0.0, 0.0, 1.0, 1.0, 1.0, 1.0, 1.0, 1.0], "S": [0.0, 0.0, 0.0, 0.0, 0.0, 0.0, 0.0, 0.0, 0.0, 0.0, 0.0, 0.0, 0.0, 0.0, 0.0, 0.0, 1.0, 0.0, 0.0, 0.0, 0.0, 0.0, 0.0, 0.0, 0.0, 0.0, 0.0, 0.0, 0.0, 0.0, 0.0, 1.0, 0.0, 0.0, 0.0, 0.0, 0.0, 0.0, 0.0, 0.0, 0.0, 0.0, 0.0, 0.0, 0.0, 0.0, 1.0, 0.0, 0.0, 0.0, 0.0, 0.0, 0.0, 0.0, 0.0, 0.0, 0.0, 0.0, 0.0, 0.0, 1.0, 0.0, 0.0, 0.0, 0.0, 0.0, 0.0, 0.0, 0.0, 0.0, 0.0, 1.0, 0.0, 0.0, 0.0, 0.0, 0.0, 0.0, 0.0, 0.0, 0.0, 0.0, 0.0, 1.0, 0.0, 0.0, 0.0, 0.0, 0.0, 0.0, 0.0, 0.0, 1.0, 0.0, 0.0, 0.0, 0.0, 0.0, 0.0, 0.0]}